is_popular,n,percentage
0,11094,46.64088119061633
1,12692,53.35911880938367
